ticker,date,estimate,actual,surprise
RELIANCE.NS,2026-07-17,7.1,9.81,0.3816901408450706
RELIANCE.NS,2026-04-24,15.39,12.54,-0.18518518518518526
RELIANCE.NS,2026-01-16,14.89,13.78,-0.07454667562122237
RELIANCE.NS,2025-10-17,14.35,13.42,-0.06480836236933796
RELIANCE.NS,2025-07-18,7.6,13.23,0.7407894736842107
RELIANCE.NS,2025-04-25,6.4,8.29,0.2953124999999998
RELIANCE.NS,2025-01-16,13.39,13.7,0.023151605675877426
RELIANCE.NS,2024-10-14,5.85,5.7,-0.02564102564102555
RELIANCE.NS,2024-07-19,12.81,11.19,-0.12646370023419212
RELIANCE.NS,2024-04-22,14.93,14.01,-0.06162089752176825
RELIANCE.NS,2024-01-19,12.88,12.76,-0.00931677018633548
RELIANCE.NS,2023-10-27,13.41,12.86,-0.04101416853094711
RELIANCE.NS,2023-07-21,12.65,11.83,-0.06482213438735179
RELIANCE.NS,2023-04-21,13.38,14.26,0.0657698056801195
RELIANCE.NS,2023-01-20,12.71,11.67,-0.08182533438237614
RELIANCE.NS,2022-10-21,12.83,10.09,-0.21356196414653159
RELIANCE.NS,2022-07-22,19.64,13.27,-0.3243380855397149
RELIANCE.NS,2022-05-06,14.19,11.98,-0.15574348132487661
RELIANCE.NS,2022-01-21,8.6,7.61,-0.11511627906976737
RELIANCE.NS,2021-10-22,7.38,6.95,-0.05826558265582652
RELIANCE.NS,2021-07-23,5.25,6.53,0.24380952380952386
RELIANCE.NS,2021-04-30,8.6,5.8,-0.3255813953488372
RELIANCE.NS,2021-01-22,6.13,6.65,0.08482871125611753
RELIANCE.NS,2020-10-30,4.35,5.02,0.1540229885057471
TCS.NS,2026-07-08,37.33,38.28,0.025448700776855154
TCS.NS,2026-04-09,38.11,37.92,-0.004985568092364149
TCS.NS,2026-01-12,36.19,36.59,0.011052777010223976
TCS.NS,2025-10-09,34.71,35.74,0.029674445404782514
TCS.NS,2025-07-10,33.75,35.27,0.04503703703703713
TCS.NS,2025-04-10,35.09,33.79,-0.03704759190652619
TCS.NS,2025-01-09,34.22,34.21,-0.0002922267679718881
TCS.NS,2024-10-10,34.8,32.92,-0.054022988505747
TCS.NS,2024-07-11,33.09,33.28,0.005741915986702862
TCS.NS,2024-04-12,33.45,34.37,0.027503736920777115
TCS.NS,2024-01-11,31.7,32.25,0.01735015772870665
TCS.NS,2023-10-11,30.96,31.0,0.0012919896640826599
TCS.NS,2023-07-12,29.81,30.26,0.015095605501509657
TCS.NS,2023-04-12,31.62,31.14,-0.015180265654648969
TCS.NS,2023-01-09,30.35,29.64,-0.023393739703459666
TCS.NS,2022-10-10,28.2,28.51,0.01099290780141852
TCS.NS,2022-07-08,27.01,25.9,-0.04109589041095901
TCS.NS,2022-04-11,27.06,26.85,-0.007760532150775954
TCS.NS,2022-01-12,26.87,26.41,-0.017119464086341678
TCS.NS,2021-10-08,26.18,26.02,-0.006111535523300234
TCS.NS,2021-07-08,25.21,24.35,-0.034113447044823456
TCS.NS,2021-04-12,25.09,24.97,-0.004782781984854563
TCS.NS,2021-01-08,22.65,23.19,0.023841059602649126
TCS.NS,2020-10-07,21.08,19.93,-0.05455407969639462
HDFCBANK.NS,2026-07-18,12.52,12.35,-0.01357827476038338
HDFCBANK.NS,2026-04-18,12.42,12.45,0.0024154589371980163
HDFCBANK.NS,2026-01-17,10.49,12.08,0.1515729265967588
HDFCBANK.NS,2025-10-18,11.29,12.09,0.07085916740478307
HDFCBANK.NS,2025-07-19,11.33,11.79,0.04060017652250654
HDFCBANK.NS,2025-04-19,11.28,11.47,0.01684397163120579
HDFCBANK.NS,2025-01-22,10.99,10.9,-0.008189262966333016
HDFCBANK.NS,2024-10-19,10.65,10.99,0.03192488262910797
HDFCBANK.NS,2024-07-20,10.57,10.6,0.002838221381267678
HDFCBANK.NS,2024-04-20,12.3,10.84,-0.11869918699186999
HDFCBANK.NS,2024-01-16,10.28,10.75,0.04571984435797672
HDFCBANK.NS,2023-10-16,9.65,10.51,0.0891191709844559
HDFCBANK.NS,2023-07-17,11.12,10.64,-0.043165467625899165
HDFCBANK.NS,2023-04-15,10.95,10.75,-0.01826484018264834
HDFCBANK.NS,2023-01-14,10.69,10.95,0.024321796071094463
HDFCBANK.NS,2022-10-15,9.68,9.5,-0.018595041322314022
HDFCBANK.NS,2022-07-16,8.19,8.25,0.007326007326007388
HDFCBANK.NS,2022-04-16,9.22,9.0,-0.02386117136659443
HDFCBANK.NS,2022-01-15,8.99,9.25,0.028921023359288072
HDFCBANK.NS,2021-10-16,7.91,7.95,0.00505689001264223
HDFCBANK.NS,2021-07-17,7.29,6.95,-0.04663923182441699
HDFCBANK.NS,2021-04-17,7.4,7.35,-0.0067567567567568525
HDFCBANK.NS,2021-01-16,8.83,7.9,-0.10532276330690823
HDFCBANK.NS,2020-10-17,8.03,6.8,-0.15317559153175586
INFY.NS,2026-07-23,19.12,19.17,0.0026150627615063133
INFY.NS,2026-04-23,18.39,20.98,0.14083741163675909
INFY.NS,2026-01-14,17.89,18.5,0.034097261039686945
INFY.NS,2025-10-16,17.36,17.74,0.02188940092165893
INFY.NS,2025-07-23,16.33,16.68,0.021432945499081535
INFY.NS,2025-04-17,16.06,16.94,0.05479452054794537
INFY.NS,2025-01-16,16.19,16.39,0.0123533045089561
INFY.NS,2024-10-17,16.37,15.68,-0.0421502748930972
INFY.NS,2024-07-18,15.08,15.35,0.0179045092838196
INFY.NS,2024-04-18,14.94,19.22,0.286479250334672
INFY.NS,2024-01-11,14.78,14.74,-0.0027063599458727436
INFY.NS,2023-10-12,15.13,14.99,-0.00925313945803044
INFY.NS,2023-07-20,14.83,14.35,-0.0323668240053945
INFY.NS,2023-04-13,15.78,14.77,-0.06400506970849175
INFY.NS,2023-01-12,15.52,15.7,0.011597938144329878
INFY.NS,2022-10-13,14.09,14.34,0.017743080198722498
INFY.NS,2022-07-24,13.44,12.76,-0.050595238095238075
INFY.NS,2022-04-13,14.16,13.54,-0.043785310734463345
INFY.NS,2022-01-12,13.56,13.83,0.01991150442477873
INFY.NS,2021-10-13,12.45,12.85,0.03212851405622493
INFY.NS,2021-07-14,12.64,12.21,-0.034018987341772125
INFY.NS,2021-04-14,12.17,11.94,-0.01889893179950702
INFY.NS,2021-01-13,11.89,12.23,0.028595458368376774
INFY.NS,2020-10-14,10.62,11.4,0.07344632768361593
ICICIBANK.NS,2026-07-18,18.67,20.42,0.09373326191751472
ICICIBANK.NS,2026-04-18,17.91,18.9,0.05527638190954765
ICICIBANK.NS,2026-01-17,17.19,15.62,-0.0913321698662014
ICICIBANK.NS,2025-10-18,16.98,17.06,0.004711425206124752
ICICIBANK.NS,2025-07-19,16.91,17.63,0.0425783560023654
ICICIBANK.NS,2025-04-19,16.91,17.6,0.040804257835600315
ICICIBANK.NS,2025-01-24,16.22,16.45,0.01418002466091248
ICICIBANK.NS,2024-10-26,15.64,16.4,0.048593350383631585
ICICIBANK.NS,2024-07-27,14.98,15.46,0.03204272363150871
ICICIBANK.NS,2024-04-27,14.57,14.99,0.02882635552505147
ICICIBANK.NS,2024-01-20,14.15,14.4,0.0176678445229682
ICICIBANK.NS,2023-10-21,13.59,14.4,0.05960264900662255
ICICIBANK.NS,2023-07-22,13.04,13.54,0.03834355828220859
ICICIBANK.NS,2023-04-22,13.02,12.83,-0.01459293394777262
ICICIBANK.NS,2023-01-21,11.77,11.68,-0.007646559048428195
ICICIBANK.NS,2022-10-22,10.67,10.64,-0.0028116213683223395
ICICIBANK.NS,2022-07-23,8.95,9.75,0.08938547486033528
ICICIBANK.NS,2022-04-23,9.23,9.9,0.07258938244853737
ICICIBANK.NS,2022-01-22,8.66,8.87,0.02424942263279435
ICICIBANK.NS,2021-10-23,7.63,7.79,0.02096985583224117
ICICIBANK.NS,2021-07-24,6.97,6.54,-0.06169296987087514
ICICIBANK.NS,2021-04-24,6.68,6.25,-0.0643712574850299
ICICIBANK.NS,2021-01-30,6.44,7.05,0.09472049689440984
ICICIBANK.NS,2020-10-31,4.78,6.29,0.3158995815899581
HINDUNILVR.NS,2026-07-28,11.7,11.62,-0.006837606837606844
HINDUNILVR.NS,2026-04-30,11.3,11.95,0.05752212389380518
HINDUNILVR.NS,2026-02-11,51.08,30.08,-0.4111198120595145
HINDUNILVR.NS,2025-10-23,10.62,10.85,0.021657250470809835
HINDUNILVR.NS,2025-07-31,10.8,12.18,0.12777777777777768
HINDUNILVR.NS,2025-04-24,9.91,10.68,0.07769929364278502
HINDUNILVR.NS,2025-01-22,11.22,11.14,-0.007130124777183606
HINDUNILVR.NS,2024-10-23,11.48,11.08,-0.034843205574912925
HINDUNILVR.NS,2024-07-23,11.22,11.26,0.0035650623885917243
HINDUNILVR.NS,2024-04-24,10.3,10.64,0.03300970873786406
HINDUNILVR.NS,2024-01-19,11.05,10.77,-0.025339366515837205
HINDUNILVR.NS,2023-10-19,10.95,11.58,0.05753424657534254
HINDUNILVR.NS,2023-07-20,11.1,10.99,-0.009909909909909859
HINDUNILVR.NS,2023-04-27,11.2,10.81,-0.03482142857142847
HINDUNILVR.NS,2023-01-19,10.7,10.85,0.014018691588785081
HINDUNILVR.NS,2022-10-21,10.3,11.45,0.11165048543689306
HINDUNILVR.NS,2022-07-19,9.22,9.78,0.06073752711496732
HINDUNILVR.NS,2022-04-27,10.35,9.72,-0.06086956521739121
HINDUNILVR.NS,2022-01-20,9.77,9.76,-0.001023541453428842
HINDUNILVR.NS,2021-10-19,9.63,9.31,-0.033229491173416434
HINDUNILVR.NS,2021-07-22,8.92,8.86,-0.006726457399103195
HINDUNILVR.NS,2021-04-29,8.39,9.07,0.0810488676996424
HINDUNILVR.NS,2021-01-27,8.72,8.31,-0.04701834862385322
HINDUNILVR.NS,2020-10-20,8.73,8.66,-0.008018327605956504
ITC.NS,2026-05-21,4.0,4.28,0.07000000000000006
ITC.NS,2026-01-29,4.2,4.23,0.007142857142857202
ITC.NS,2025-10-30,4.15,4.08,-0.01686746987951814
ITC.NS,2025-08-01,4.0,4.18,0.04499999999999993
ITC.NS,2025-05-22,3.9,4.02,0.030769230769230684
ITC.NS,2025-02-06,4.21,4.0,-0.04988123515439429
ITC.NS,2024-10-24,17.0,3.99,-0.7652941176470588
ITC.NS,2024-08-01,4.03,3.93,-0.024813895781637736
ITC.NS,2024-05-23,4.0,4.1,0.02499999999999991
ITC.NS,2024-01-29,4.03,4.45,0.10421836228287838
ITC.NS,2023-10-19,3.97,3.95,-0.005037783375314866
ITC.NS,2023-08-14,3.68,4.1,0.11413043478260855
ITC.NS,2023-05-18,3.88,4.12,0.06185567010309284
ITC.NS,2023-02-03,3.71,4.03,0.08625336927223727
ITC.NS,2022-10-20,3.14,3.72,0.18471337579617836
ITC.NS,2022-08-01,3.23,3.56,0.10216718266253873
ITC.NS,2022-05-18,3.74,3.4,-0.09090909090909098
ITC.NS,2022-02-03,3.24,3.29,0.015432098765432042
ITC.NS,2021-10-27,3.12,3.02,-0.032051282051282076
ITC.NS,2021-07-24,3.38,2.66,-0.21301775147928986
ITC.NS,2021-06-01,2.98,3.05,0.023489932885905986
ITC.NS,2021-02-11,2.94,2.98,0.01360544217687076
ITC.NS,2020-11-06,2.53,2.62,0.03557312252964439
ITC.NS,2020-07-24,2.02,1.91,-0.054455445544554504
SBIN.NS,2026-05-08,20.78,21.32,0.02598652550529351
SBIN.NS,2026-02-07,18.92,22.78,0.20401691331923885
SBIN.NS,2025-11-04,19.29,22.0,0.1404872991187144
SBIN.NS,2025-08-08,18.97,21.47,0.13178703215603585
SBIN.NS,2025-05-03,20.01,20.89,0.04397801099450269
SBIN.NS,2025-02-06,17.76,18.93,0.06587837837837827
SBIN.NS,2024-11-08,17.08,20.54,0.20257611241217804
SBIN.NS,2024-08-03,19.14,19.09,-0.002612330198537132
SBIN.NS,2024-05-09,15.72,23.19,0.47519083969465653
SBIN.NS,2024-02-03,15.78,16.08,0.019011406844106397
SBIN.NS,2023-11-04,15.94,16.06,0.007528230865746501
SBIN.NS,2023-08-04,18.03,18.92,0.04936217415418749
SBIN.NS,2023-05-18,16.25,18.71,0.15138461538461545
SBIN.NS,2023-02-03,14.33,15.92,0.11095603628750872
SBIN.NS,2022-11-05,11.92,14.86,0.24664429530201337
SBIN.NS,2022-08-06,8.72,6.8,-0.22018348623853218
SBIN.NS,2022-05-13,11.52,10.21,-0.11371527777777767
SBIN.NS,2022-02-05,9.55,9.45,-0.010471204188481823
SBIN.NS,2021-11-03,8.59,8.55,-0.004656577415599435
SBIN.NS,2021-08-04,6.83,7.29,0.06734992679355782
SBIN.NS,2021-05-21,8.31,7.23,-0.1299638989169675
SBIN.NS,2021-02-04,3.38,5.82,0.7218934911242605
SBIN.NS,2020-11-04,4.96,5.13,0.03427419354838708
SBIN.NS,2020-07-31,6.46,3.39,-0.47523219814241485
BHARTIARTL.NS,2026-05-13,12.75,16.98,0.33176470588235296
BHARTIARTL.NS,2026-02-05,11.58,11.5,-0.0069084628670120956
BHARTIARTL.NS,2025-11-03,10.55,11.3,0.07109004739336493
BHARTIARTL.NS,2025-08-05,11.5,9.9,-0.13913043478260867
BHARTIARTL.NS,2025-05-13,13.2,18.61,0.4098484848484849
BHARTIARTL.NS,2025-02-06,8.06,9.16,0.1364764267990074
BHARTIARTL.NS,2024-10-28,7.84,6.53,-0.16709183673469383
BHARTIARTL.NS,2024-08-05,5.48,7.95,0.4507299270072992
BHARTIARTL.NS,2024-05-14,6.68,6.61,-0.010479041916167576
BHARTIARTL.NS,2024-02-05,5.44,4.25,-0.21875000000000006
BHARTIARTL.NS,2023-10-31,5.13,5.1,-0.005847953216374317
BHARTIARTL.NS,2023-08-03,4.63,4.86,0.04967602591792666
BHARTIARTL.NS,2023-05-16,5.13,5.19,0.011695906432748635
BHARTIARTL.NS,2023-02-07,4.88,3.58,-0.2663934426229508
BHARTIARTL.NS,2022-10-31,4.48,3.75,-0.16294642857142866
BHARTIARTL.NS,2022-08-08,3.55,2.84,-0.2
BHARTIARTL.NS,2022-05-17,3.31,2.37,-0.28398791540785495
BHARTIARTL.NS,2022-02-08,2.44,1.44,-0.4098360655737705
BHARTIARTL.NS,2021-11-02,1.06,1.19,0.12264150943396215
BHARTIARTL.NS,2021-08-03,0.87,0.49,-0.4367816091954023
BHARTIARTL.NS,2021-05-17,2.34,0.79,-0.6623931623931624
BHARTIARTL.NS,2021-02-03,-0.16,-0.55,-2.4375
BHARTIARTL.NS,2020-10-27,-0.92,-1.37,-0.48913043478260876
BHARTIARTL.NS,2020-07-29,-0.58,-0.8,-0.37931034482758635
KOTAKBANK.NS,2026-07-18,4.0,4.14,0.03499999999999992
KOTAKBANK.NS,2026-05-02,3.53,4.05,0.1473087818696884
KOTAKBANK.NS,2026-01-24,3.42,3.47,0.014619883040935752
KOTAKBANK.NS,2025-10-25,3.29,3.27,-0.0060790273556231055
KOTAKBANK.NS,2025-07-26,3.48,3.3,-0.05172413793103453
KOTAKBANK.NS,2025-05-03,3.54,3.57,0.008474576271186385
KOTAKBANK.NS,2025-01-18,3.38,3.32,-0.017751479289940846
KOTAKBANK.NS,2024-10-19,3.42,3.36,-0.017543859649122823
KOTAKBANK.NS,2024-07-20,4.46,3.59,-0.19506726457399107
KOTAKBANK.NS,2024-05-04,3.42,4.12,0.20467836257309946
KOTAKBANK.NS,2024-01-20,3.17,3.02,-0.04731861198738168
KOTAKBANK.NS,2023-10-21,3.18,3.21,0.009433962264150882
KOTAKBANK.NS,2023-07-22,3.29,3.48,0.05775075987841943
KOTAKBANK.NS,2023-04-29,2.94,3.48,0.1836734693877551
KOTAKBANK.NS,2023-01-21,2.62,2.81,0.07251908396946563
KOTAKBANK.NS,2022-10-22,2.38,2.6,0.09243697478991605
KOTAKBANK.NS,2022-07-23,2.16,2.09,-0.03240740740740754
KOTAKBANK.NS,2022-05-04,2.03,2.75,0.35467980295566515
KOTAKBANK.NS,2022-01-28,2.08,2.15,0.033653846153846076
KOTAKBANK.NS,2021-10-26,1.92,2.05,0.06770833333333329
KOTAKBANK.NS,2021-07-26,1.78,1.66,-0.0674157303370787
KOTAKBANK.NS,2021-05-03,1.89,1.66,-0.12169312169312169
KOTAKBANK.NS,2021-01-25,1.95,1.87,-0.04102564102564095
KOTAKBANK.NS,2020-10-26,1.4,2.21,0.5785714285714286
LT.NS,2026-07-28,29.55,29.96,0.013874788494077838
LT.NS,2026-05-05,32.56,38.43,0.18028255528255518
LT.NS,2026-01-28,32.67,31.99,-0.020814202632384548
LT.NS,2025-10-29,30.26,28.53,-0.05717118307997358
LT.NS,2025-07-29,26.58,26.29,-0.010910458991723068
LT.NS,2025-05-08,37.08,37.31,0.006202804746494175
LT.NS,2025-01-30,30.88,24.41,-0.209520725388601
LT.NS,2024-10-30,25.85,24.68,-0.0452611218568666
LT.NS,2024-07-24,23.72,20.25,-0.14629005059021918
LT.NS,2024-05-08,32.09,31.27,-0.025553131816765464
LT.NS,2024-01-30,25.71,21.42,-0.16686114352392062
LT.NS,2023-10-31,20.33,22.92,0.1273979340875555
LT.NS,2023-07-25,14.98,17.73,0.1835781041388518
LT.NS,2023-05-10,28.3,28.35,0.001766784452296845
LT.NS,2023-01-30,18.34,17.18,-0.06324972737186478
LT.NS,2022-10-31,15.85,15.85,0.0
LT.NS,2022-07-26,13.48,12.1,-0.10237388724035613
LT.NS,2022-05-12,26.73,25.75,-0.036662925551814454
LT.NS,2022-01-28,16.47,14.61,-0.1129326047358834
LT.NS,2021-10-27,15.14,12.25,-0.190885072655218
LT.NS,2021-07-26,13.12,8.35,-0.36356707317073167
LT.NS,2021-05-14,25.38,24.31,-0.04215918045705281
LT.NS,2021-01-25,13.6,16.06,0.1808823529411764
LT.NS,2020-10-28,10.58,7.88,-0.2551984877126654
AXISBANK.NS,2026-07-18,22.89,22.75,-0.006116207951070361
AXISBANK.NS,2026-04-25,22.72,22.63,-0.003961267605633797
AXISBANK.NS,2026-01-26,18.86,20.8,0.102863202545069
AXISBANK.NS,2025-10-15,18.8,16.32,-0.1319148936170213
AXISBANK.NS,2025-07-17,20.47,18.64,-0.08939912066438684
AXISBANK.NS,2025-04-24,21.21,22.87,0.07826496935407827
AXISBANK.NS,2025-01-16,21.62,20.25,-0.06336725254394084
AXISBANK.NS,2024-10-17,21.03,22.23,0.057061340941512086
AXISBANK.NS,2024-07-24,20.37,19.4,-0.047619047619047734
AXISBANK.NS,2024-04-24,20.48,22.96,0.12109375000000001
AXISBANK.NS,2024-01-23,19.55,19.57,0.0010230179028132775
AXISBANK.NS,2023-10-25,18.61,18.92,0.01665771090811404
AXISBANK.NS,2023-07-26,18.17,18.75,0.03192074848651614
AXISBANK.NS,2023-04-27,3.98,21.28,4.346733668341709
AXISBANK.NS,2023-01-23,17.66,18.8,0.06455266138165348
AXISBANK.NS,2022-10-20,14.36,17.23,0.19986072423398338
AXISBANK.NS,2022-07-25,11.78,13.4,0.13752122241086598
AXISBANK.NS,2022-04-28,12.57,13.38,0.06443914081145588
AXISBANK.NS,2022-01-24,10.84,11.75,0.08394833948339485
AXISBANK.NS,2021-10-26,10.17,10.19,0.0019665683382497122
AXISBANK.NS,2021-07-26,8.96,7.03,-0.21540178571428575
AXISBANK.NS,2021-04-27,8.58,8.72,0.016317016317016382
AXISBANK.NS,2021-01-27,8.42,3.65,-0.5665083135391924
AXISBANK.NS,2020-10-28,5.1,5.69,0.11568627450980408
MARUTI.NS,2026-04-28,133.27,114.2,-0.14309296916035122
MARUTI.NS,2026-01-28,141.14,120.67,-0.14503330026923614
MARUTI.NS,2025-10-31,119.09,104.74,-0.12049710303132091
MARUTI.NS,2025-07-31,98.84,118.06,0.19445568595710236
MARUTI.NS,2025-04-25,122.67,118.04,-0.03774353957772883
MARUTI.NS,2025-01-29,116.18,112.12,-0.034945773799277
MARUTI.NS,2024-10-29,124.26,97.62,-0.21438918396909706
MARUTI.NS,2024-07-31,105.22,116.09,0.10330735601596659
MARUTI.NS,2024-04-26,124.12,123.34,-0.006284241057041582
MARUTI.NS,2024-01-31,97.57,101.9,0.04437839499846277
MARUTI.NS,2023-10-27,107.27,123.03,0.14691898946583393
MARUTI.NS,2023-07-31,79.83,82.27,0.030564950519854663
MARUTI.NS,2023-04-26,85.62,86.85,0.014365802382620762
MARUTI.NS,2023-01-24,62.21,77.84,0.2512457804211542
MARUTI.NS,2022-10-28,62.1,68.24,0.09887278582930746
MARUTI.NS,2022-07-27,52.34,33.53,-0.3593809705769966
MARUTI.NS,2022-04-30,48.6,60.87,0.25246913580246905
MARUTI.NS,2022-01-25,32.55,33.48,0.028571428571428564
MARUTI.NS,2021-10-27,24.06,15.73,-0.3462177888611803
MARUTI.NS,2021-07-28,29.55,14.59,-0.5062605752961084
MARUTI.NS,2021-04-27,57.76,38.6,-0.33171745152354565
MARUTI.NS,2021-01-28,60.87,64.27,0.055856743880400836
MARUTI.NS,2020-10-29,51.05,45.41,-0.11047992164544566
MARUTI.NS,2020-07-29,-15.31,-8.26,0.4604833442194644
SUNPHARMA.NS,2026-05-22,11.81,11.3,-0.04318374259102454
SUNPHARMA.NS,2026-01-31,12.73,15.48,0.21602513747054203
SUNPHARMA.NS,2025-11-05,11.97,13.0,0.08604845446950704
SUNPHARMA.NS,2025-07-31,12.58,11.98,-0.04769475357710649
SUNPHARMA.NS,2025-05-22,11.49,10.01,-0.12880765883376852
SUNPHARMA.NS,2025-01-31,11.95,13.21,0.10543933054393319
SUNPHARMA.NS,2024-10-28,11.89,12.7,0.06812447434819165
SUNPHARMA.NS,2024-08-01,10.65,11.8,0.10798122065727703
SUNPHARMA.NS,2024-05-22,9.8,11.5,0.17346938775510196
SUNPHARMA.NS,2024-01-31,9.88,10.77,0.0900809716599189
SUNPHARMA.NS,2023-11-01,8.85,9.9,0.11864406779661026
SUNPHARMA.NS,2023-08-03,8.47,9.49,0.12042502951593854
SUNPHARMA.NS,2023-05-26,7.5,8.95,0.19333333333333325
SUNPHARMA.NS,2023-01-31,8.52,9.0,0.056338028169014134
SUNPHARMA.NS,2022-11-01,8.14,9.4,0.15479115479115477
SUNPHARMA.NS,2022-07-29,7.27,8.6,0.18294360385144431
SUNPHARMA.NS,2022-05-30,6.85,6.91,0.008759124087591314
SUNPHARMA.NS,2022-01-31,7.06,8.6,0.2181303116147309
SUNPHARMA.NS,2021-11-02,7.29,8.5,0.16598079561042522
SUNPHARMA.NS,2021-07-30,6.07,8.05,0.32619439868204286
SUNPHARMA.NS,2021-05-27,5.78,6.31,0.0916955017301037
SUNPHARMA.NS,2021-01-29,5.48,7.72,0.4087591240875911
SUNPHARMA.NS,2020-11-03,4.86,7.56,0.5555555555555554
SUNPHARMA.NS,2020-07-31,3.57,8.24,1.30812324929972
TITAN.NS,2026-05-08,14.45,12.23,-0.15363321799307952
TITAN.NS,2026-02-10,16.88,17.67,0.04680094786729874
TITAN.NS,2025-11-03,11.83,11.33,-0.042265426880811495
TITAN.NS,2025-08-06,10.48,11.61,0.10782442748091593
TITAN.NS,2025-05-08,10.32,9.82,-0.04844961240310077
TITAN.NS,2025-02-04,10.94,11.8,0.07861060329067653
TITAN.NS,2024-11-05,10.24,7.93,-0.22558593750000006
TITAN.NS,2024-08-02,8.37,8.06,-0.03703703703703689
TITAN.NS,2024-05-03,9.38,8.69,-0.07356076759061847
TITAN.NS,2024-02-01,11.74,11.9,0.013628620102214663
TITAN.NS,2023-11-03,10.18,10.31,0.012770137524558033
TITAN.NS,2023-08-02,10.67,8.48,-0.2052483598875351
TITAN.NS,2023-05-03,9.01,8.22,-0.0876803551609322
TITAN.NS,2023-02-02,10.92,10.18,-0.06776556776556779
TITAN.NS,2022-11-04,7.92,9.36,0.18181818181818177
TITAN.NS,2022-08-05,7.45,8.84,0.18657718120805364
TITAN.NS,2022-05-03,6.5,6.23,-0.041538461538461476
TITAN.NS,2022-02-03,8.82,11.12,0.2607709750566892
TITAN.NS,2021-10-27,6.95,7.2,0.03597122302158273
TITAN.NS,2021-08-04,0.44,0.22,-0.5
TITAN.NS,2021-04-29,6.24,6.36,0.019230769230769246
TITAN.NS,2021-02-10,6.26,5.12,-0.18210862619808302
TITAN.NS,2020-10-28,2.0,1.97,-0.015000000000000013
TITAN.NS,2020-08-10,-2.14,-3.04,-0.42056074766355134
